,Model,Test Size,Over Sample,Under Sample,Resample,Total Fit Time,Fit Count,Average Fit Time,Inference Time,Grid Scorer,Best Params,Best CV Score,Train Score,Test Score,Overfit,Overfit Difference,Train Accuracy Score,Test Accuracy Score,Train Precision Score,Test Precision Score,Train Recall Score,Test Recall Score,Train F1 Score,Test F1 Score,Train ROC AUC Score,Test ROC AUC Score,Threshold,True Positives,False Positives,True Negatives,False Negatives,TPR,FPR,TNR,FNR,False Rate,Notes,Timestamp
0,LogisticRegression,0.2,0.2,,None,25.87227702140808,50,0.5174455404281616,0.00545811653137207,Recall,"{'logreg__solver': 'newton-cg', 'logreg__C': 0.01}",0.8659424015864658,0.8853838065194533,0.8235942668136714,Yes,0.061789539705781826,0.8892686061455778,0.8821992785172285,0.616925143485163,0.4869621903520209,0.8853838065194533,0.8235942668136714,0.7271680460597337,0.6120442441622287,0.9570498595202792,0.9399498262717654,0.3,851,1305,5827,56,0.94,0.18,0.82,0.06,0.24,"1/32: Random Search: Recall, test_size: 0.2, SMOTE: 0.2, threshold: 0.3","Oct 15, 2023 12:23 PM PST"
1,DecisionTreeClassifier,0.2,0.2,,None,4.08695125579834,50,0.0817390251159668,0.0023148059844970703,Recall,"{'tree__min_samples_split': 20, 'tree__min_samples_leaf': 2, 'tree__max_depth': 4, 'tree__criterion': 'entropy'}",0.9255215951841181,0.9114966701717491,0.8886438809261301,Yes,0.022852789245618954,0.8539841102932586,0.8472446821743999,0.5364620938628158,0.41696844283497153,0.9114966701717491,0.8886438809261301,0.6754106876176872,0.5676056338028168,0.9295230028862567,0.9265043616020717,0.3,837,1344,5788,70,0.92,0.19,0.81,0.08,0.27,"1/32: Random Search: Recall, test_size: 0.2, SMOTE: 0.2, threshold: 0.3","Oct 15, 2023 12:23 PM PST"
2,KNeighborsClassifier,0.2,0.2,,0.05,1.3584058284759521,50,0.027168116569519042,0.604820966720581,Recall,"{'knn__weights': 'distance', 'knn__n_neighbors': 5, 'knn__metric': 'manhattan'}",0.5754385964912281,1.0,0.3484013230429989,Yes,0.651598676957001,1.0,0.8871750217688767,1.0,0.5,1.0,0.3484013230429989,1.0,0.4106562703053931,1.0,0.7975438432680078,0.3,485,713,6419,422,0.53,0.1,0.9,0.47,0.57,"1/32: Random Search: Recall, test_size: 0.2, SMOTE: 0.2, threshold: 0.3","Oct 15, 2023 12:24 PM PST"
3,SVC,0.2,0.2,,0.05,201.96997785568237,50,4.039399557113647,1.3800430297851562,Recall,"{'svm__kernel': 'rbf', 'svm__C': 0.1}",0.8771929824561402,0.9157894736842105,0.86438809261301,Yes,0.051401381071200514,0.8597311513734658,0.8333126010697848,0.5471698113207547,0.3918040979510245,0.9157894736842105,0.86438809261301,0.6850393700787402,0.5392022008253095,0.9581198789399866,0.9134496231405143,0.3,640,761,6371,267,0.71,0.11,0.89,0.29,0.39999999999999997,"1/32: Random Search: Recall, test_size: 0.2, SMOTE: 0.2, threshold: 0.3","Oct 15, 2023 12:24 PM PST"
4,LogisticRegression,0.2,0.2,,None,25.84588599205017,50,0.5169177198410034,0.004974842071533203,Recall,"{'logreg__solver': 'newton-cg', 'logreg__C': 0.01}",0.8659424015864658,0.8853838065194533,0.8235942668136714,Yes,0.061789539705781826,0.8892686061455778,0.8821992785172285,0.616925143485163,0.4869621903520209,0.8853838065194533,0.8235942668136714,0.7271680460597337,0.6120442441622287,0.9570498595202792,0.9399498262717654,0.35,828,1149,5983,79,0.91,0.16,0.84,0.09,0.25,"2/32: Random Search: Recall, test_size: 0.2, SMOTE: 0.2, threshold: 0.35","Oct 15, 2023 12:27 PM PST"
5,DecisionTreeClassifier,0.2,0.2,,None,4.1382646560668945,50,0.08276529312133789,0.003206014633178711,Recall,"{'tree__min_samples_split': 20, 'tree__min_samples_leaf': 2, 'tree__max_depth': 4, 'tree__criterion': 'entropy'}",0.9255215951841181,0.9114966701717491,0.8886438809261301,Yes,0.022852789245618954,0.8539841102932586,0.8472446821743999,0.5364620938628158,0.41696844283497153,0.9114966701717491,0.8886438809261301,0.6754106876176872,0.5676056338028168,0.9295230028862567,0.9265043616020717,0.35,806,1127,6005,101,0.89,0.16,0.84,0.11,0.27,"2/32: Random Search: Recall, test_size: 0.2, SMOTE: 0.2, threshold: 0.35","Oct 15, 2023 12:28 PM PST"
6,KNeighborsClassifier,0.2,0.2,,0.05,1.3630528450012207,50,0.027261056900024415,0.6174459457397461,Recall,"{'knn__weights': 'distance', 'knn__n_neighbors': 5, 'knn__metric': 'manhattan'}",0.5754385964912281,1.0,0.3484013230429989,Yes,0.651598676957001,1.0,0.8871750217688767,1.0,0.5,1.0,0.3484013230429989,1.0,0.4106562703053931,1.0,0.7975438432680078,0.35,464,647,6485,443,0.51,0.09,0.91,0.49,0.58,"2/32: Random Search: Recall, test_size: 0.2, SMOTE: 0.2, threshold: 0.35","Oct 15, 2023 12:28 PM PST"
7,SVC,0.2,0.2,,0.05,200.35769486427307,50,4.007153897285462,1.4338219165802002,Recall,"{'svm__kernel': 'rbf', 'svm__C': 0.1}",0.8771929824561402,0.9157894736842105,0.86438809261301,Yes,0.051401381071200514,0.8597311513734658,0.8333126010697848,0.5471698113207547,0.3918040979510245,0.9157894736842105,0.86438809261301,0.6850393700787402,0.5392022008253095,0.9581198789399866,0.9134496231405143,0.35,602,657,6475,305,0.66,0.09,0.91,0.34,0.43000000000000005,"2/32: Random Search: Recall, test_size: 0.2, SMOTE: 0.2, threshold: 0.35","Oct 15, 2023 12:28 PM PST"
8,LogisticRegression,0.2,0.2,,None,26.330580949783325,50,0.5266116189956666,0.004307985305786133,Recall,"{'logreg__solver': 'newton-cg', 'logreg__C': 0.01}",0.8659424015864658,0.8853838065194533,0.8235942668136714,Yes,0.061789539705781826,0.8892686061455778,0.8821992785172285,0.616925143485163,0.4869621903520209,0.8853838065194533,0.8235942668136714,0.7271680460597337,0.6120442441622287,0.9570498595202792,0.9399498262717654,0.4,804,1014,6118,103,0.89,0.14,0.86,0.11,0.25,"3/32: Random Search: Recall, test_size: 0.2, SMOTE: 0.2, threshold: 0.4","Oct 15, 2023 12:31 PM PST"
9,DecisionTreeClassifier,0.2,0.2,,None,4.273345947265625,50,0.0854669189453125,0.00344085693359375,Recall,"{'tree__min_samples_split': 20, 'tree__min_samples_leaf': 2, 'tree__max_depth': 4, 'tree__criterion': 'entropy'}",0.9255215951841181,0.9114966701717491,0.8886438809261301,Yes,0.022852789245618954,0.8539841102932586,0.8472446821743999,0.5364620938628158,0.41696844283497153,0.9114966701717491,0.8886438809261301,0.6754106876176872,0.5676056338028168,0.9295230028862567,0.9265043616020717,0.4,806,1127,6005,101,0.89,0.16,0.84,0.11,0.27,"3/32: Random Search: Recall, test_size: 0.2, SMOTE: 0.2, threshold: 0.4","Oct 15, 2023 12:32 PM PST"
10,KNeighborsClassifier,0.2,0.2,,0.05,1.3180122375488281,50,0.026360244750976564,0.5920701026916504,Recall,"{'knn__weights': 'distance', 'knn__n_neighbors': 5, 'knn__metric': 'manhattan'}",0.5754385964912281,1.0,0.3484013230429989,Yes,0.651598676957001,1.0,0.8871750217688767,1.0,0.5,1.0,0.3484013230429989,1.0,0.4106562703053931,1.0,0.7975438432680078,0.4,398,499,6633,509,0.44,0.07,0.93,0.56,0.6300000000000001,"3/32: Random Search: Recall, test_size: 0.2, SMOTE: 0.2, threshold: 0.4","Oct 15, 2023 12:32 PM PST"
11,SVC,0.2,0.2,,0.05,199.11690402030945,50,3.9823380804061888,1.3306643962860107,Recall,"{'svm__kernel': 'rbf', 'svm__C': 0.1}",0.8771929824561402,0.9157894736842105,0.86438809261301,Yes,0.051401381071200514,0.8597311513734658,0.8333126010697848,0.5471698113207547,0.3918040979510245,0.9157894736842105,0.86438809261301,0.6850393700787402,0.5392022008253095,0.9581198789399866,0.9134496231405143,0.4,561,579,6553,346,0.62,0.08,0.92,0.38,0.46,"3/32: Random Search: Recall, test_size: 0.2, SMOTE: 0.2, threshold: 0.4","Oct 15, 2023 12:32 PM PST"
12,LogisticRegression,0.2,0.2,,None,26.111352920532227,50,0.5222270584106445,0.0037071704864501953,Recall,"{'logreg__solver': 'newton-cg', 'logreg__C': 0.01}",0.8659424015864658,0.8853838065194533,0.8235942668136714,Yes,0.061789539705781826,0.8892686061455778,0.8821992785172285,0.616925143485163,0.4869621903520209,0.8853838065194533,0.8235942668136714,0.7271680460597337,0.6120442441622287,0.9570498595202792,0.9399498262717654,0.45,787,903,6229,120,0.87,0.13,0.87,0.13,0.26,"4/32: Random Search: Recall, test_size: 0.2, SMOTE: 0.2, threshold: 0.45","Oct 15, 2023 12:35 PM PST"
13,DecisionTreeClassifier,0.2,0.2,,None,4.2881200313568115,50,0.08576240062713623,0.002568960189819336,Recall,"{'tree__min_samples_split': 20, 'tree__min_samples_leaf': 2, 'tree__max_depth': 4, 'tree__criterion': 'entropy'}",0.9255215951841181,0.9114966701717491,0.8886438809261301,Yes,0.022852789245618954,0.8539841102932586,0.8472446821743999,0.5364620938628158,0.41696844283497153,0.9114966701717491,0.8886438809261301,0.6754106876176872,0.5676056338028168,0.9295230028862567,0.9265043616020717,0.45,806,1127,6005,101,0.89,0.16,0.84,0.11,0.27,"4/32: Random Search: Recall, test_size: 0.2, SMOTE: 0.2, threshold: 0.45","Oct 15, 2023 12:36 PM PST"
14,KNeighborsClassifier,0.2,0.2,,0.05,1.3769598007202148,50,0.027539196014404296,0.6326022148132324,Recall,"{'knn__weights': 'distance', 'knn__n_neighbors': 5, 'knn__metric': 'manhattan'}",0.5754385964912281,1.0,0.3484013230429989,Yes,0.651598676957001,1.0,0.8871750217688767,1.0,0.5,1.0,0.3484013230429989,1.0,0.4106562703053931,1.0,0.7975438432680078,0.45,339,356,6776,568,0.37,0.05,0.95,0.63,0.68,"4/32: Random Search: Recall, test_size: 0.2, SMOTE: 0.2, threshold: 0.45","Oct 15, 2023 12:36 PM PST"
15,SVC,0.2,0.2,,0.05,197.90160202980042,50,3.958032040596008,1.4123461246490479,Recall,"{'svm__kernel': 'rbf', 'svm__C': 0.1}",0.8771929824561402,0.9157894736842105,0.86438809261301,Yes,0.051401381071200514,0.8597311513734658,0.8333126010697848,0.5471698113207547,0.3918040979510245,0.9157894736842105,0.86438809261301,0.6850393700787402,0.5392022008253095,0.9581198789399866,0.9134496231405143,0.45,524,497,6635,383,0.58,0.07,0.93,0.42,0.49,"4/32: Random Search: Recall, test_size: 0.2, SMOTE: 0.2, threshold: 0.45","Oct 15, 2023 12:36 PM PST"
16,LogisticRegression,0.2,0.2,,None,27.07160496711731,50,0.5414320993423462,0.003634929656982422,Recall,"{'logreg__solver': 'newton-cg', 'logreg__C': 0.01}",0.8659424015864658,0.8853838065194533,0.8235942668136714,Yes,0.061789539705781826,0.8892686061455778,0.8821992785172285,0.616925143485163,0.4869621903520209,0.8853838065194533,0.8235942668136714,0.7271680460597337,0.6120442441622287,0.9570498595202792,0.9399498262717654,0.5,747,787,6345,160,0.82,0.11,0.89,0.18,0.29,"5/32: Random Search: Recall, test_size: 0.2, SMOTE: 0.2, threshold: 0.5","Oct 15, 2023 12:39 PM PST"
17,DecisionTreeClassifier,0.2,0.2,,None,4.289058685302734,50,0.08578117370605469,0.0024068355560302734,Recall,"{'tree__min_samples_split': 20, 'tree__min_samples_leaf': 2, 'tree__max_depth': 4, 'tree__criterion': 'entropy'}",0.9255215951841181,0.9114966701717491,0.8886438809261301,Yes,0.022852789245618954,0.8539841102932586,0.8472446821743999,0.5364620938628158,0.41696844283497153,0.9114966701717491,0.8886438809261301,0.6754106876176872,0.5676056338028168,0.9295230028862567,0.9265043616020717,0.5,806,1127,6005,101,0.89,0.16,0.84,0.11,0.27,"5/32: Random Search: Recall, test_size: 0.2, SMOTE: 0.2, threshold: 0.5","Oct 15, 2023 12:40 PM PST"
18,KNeighborsClassifier,0.2,0.2,,0.05,1.3571999073028564,50,0.027143998146057127,0.6223611831665039,Recall,"{'knn__weights': 'distance', 'knn__n_neighbors': 5, 'knn__metric': 'manhattan'}",0.5754385964912281,1.0,0.3484013230429989,Yes,0.651598676957001,1.0,0.8871750217688767,1.0,0.5,1.0,0.3484013230429989,1.0,0.4106562703053931,1.0,0.7975438432680078,0.5,316,316,6816,591,0.35,0.04,0.96,0.65,0.6900000000000001,"5/32: Random Search: Recall, test_size: 0.2, SMOTE: 0.2, threshold: 0.5","Oct 15, 2023 12:40 PM PST"
19,SVC,0.2,0.2,,0.05,204.77933478355408,50,4.095586695671082,1.3599820137023926,Recall,"{'svm__kernel': 'rbf', 'svm__C': 0.1}",0.8771929824561402,0.9157894736842105,0.86438809261301,Yes,0.051401381071200514,0.8597311513734658,0.8333126010697848,0.5471698113207547,0.3918040979510245,0.9157894736842105,0.86438809261301,0.6850393700787402,0.5392022008253095,0.9581198789399866,0.9134496231405143,0.5,784,1217,5915,123,0.86,0.17,0.83,0.14,0.31000000000000005,"5/32: Random Search: Recall, test_size: 0.2, SMOTE: 0.2, threshold: 0.5","Oct 15, 2023 12:40 PM PST"
20,LogisticRegression,0.2,0.2,,None,26.719233989715576,50,0.5343846797943115,0.0036988258361816406,Recall,"{'logreg__solver': 'newton-cg', 'logreg__C': 0.01}",0.8659424015864658,0.8853838065194533,0.8235942668136714,Yes,0.061789539705781826,0.8892686061455778,0.8821992785172285,0.616925143485163,0.4869621903520209,0.8853838065194533,0.8235942668136714,0.7271680460597337,0.6120442441622287,0.9570498595202792,0.9399498262717654,0.55,714,682,6450,193,0.79,0.1,0.9,0.21,0.31,"6/32: Random Search: Recall, test_size: 0.2, SMOTE: 0.2, threshold: 0.55","Oct 15, 2023 12:44 PM PST"
21,DecisionTreeClassifier,0.2,0.2,,None,4.155399799346924,50,0.08310799598693848,0.002535104751586914,Recall,"{'tree__min_samples_split': 20, 'tree__min_samples_leaf': 2, 'tree__max_depth': 4, 'tree__criterion': 'entropy'}",0.9255215951841181,0.9114966701717491,0.8886438809261301,Yes,0.022852789245618954,0.8539841102932586,0.8472446821743999,0.5364620938628158,0.41696844283497153,0.9114966701717491,0.8886438809261301,0.6754106876176872,0.5676056338028168,0.9295230028862567,0.9265043616020717,0.55,784,995,6137,123,0.86,0.14,0.86,0.14,0.28,"6/32: Random Search: Recall, test_size: 0.2, SMOTE: 0.2, threshold: 0.55","Oct 15, 2023 12:44 PM PST"
22,KNeighborsClassifier,0.2,0.2,,0.05,1.3913469314575195,50,0.02782693862915039,0.633026123046875,Recall,"{'knn__weights': 'distance', 'knn__n_neighbors': 5, 'knn__metric': 'manhattan'}",0.5754385964912281,1.0,0.3484013230429989,Yes,0.651598676957001,1.0,0.8871750217688767,1.0,0.5,1.0,0.3484013230429989,1.0,0.4106562703053931,1.0,0.7975438432680078,0.55,305,287,6845,602,0.34,0.04,0.96,0.66,0.7000000000000001,"6/32: Random Search: Recall, test_size: 0.2, SMOTE: 0.2, threshold: 0.55","Oct 15, 2023 12:44 PM PST"
23,SVC,0.2,0.2,,0.05,196.87853693962097,50,3.9375707387924193,1.3651690483093262,Recall,"{'svm__kernel': 'rbf', 'svm__C': 0.1}",0.8771929824561402,0.9157894736842105,0.86438809261301,Yes,0.051401381071200514,0.8597311513734658,0.8333126010697848,0.5471698113207547,0.3918040979510245,0.9157894736842105,0.86438809261301,0.6850393700787402,0.5392022008253095,0.9581198789399866,0.9134496231405143,0.55,413,330,6802,494,0.46,0.05,0.95,0.54,0.5900000000000001,"6/32: Random Search: Recall, test_size: 0.2, SMOTE: 0.2, threshold: 0.55","Oct 15, 2023 12:44 PM PST"
24,LogisticRegression,0.2,0.2,,None,27.273897171020508,50,0.5454779434204101,0.003976106643676758,Recall,"{'logreg__solver': 'newton-cg', 'logreg__C': 0.01}",0.8659424015864658,0.8853838065194533,0.8235942668136714,Yes,0.061789539705781826,0.8892686061455778,0.8821992785172285,0.616925143485163,0.4869621903520209,0.8853838065194533,0.8235942668136714,0.7271680460597337,0.6120442441622287,0.9570498595202792,0.9399498262717654,0.6,678,585,6547,229,0.75,0.08,0.92,0.25,0.33,"7/32: Random Search: Recall, test_size: 0.2, SMOTE: 0.2, threshold: 0.6","Oct 15, 2023 12:48 PM PST"
25,DecisionTreeClassifier,0.2,0.2,,None,4.258136034011841,50,0.08516272068023682,0.003248929977416992,Recall,"{'tree__min_samples_split': 20, 'tree__min_samples_leaf': 2, 'tree__max_depth': 4, 'tree__criterion': 'entropy'}",0.9255215951841181,0.9114966701717491,0.8886438809261301,Yes,0.022852789245618954,0.8539841102932586,0.8472446821743999,0.5364620938628158,0.41696844283497153,0.9114966701717491,0.8886438809261301,0.6754106876176872,0.5676056338028168,0.9295230028862567,0.9265043616020717,0.6,784,995,6137,123,0.86,0.14,0.86,0.14,0.28,"7/32: Random Search: Recall, test_size: 0.2, SMOTE: 0.2, threshold: 0.6","Oct 15, 2023 12:48 PM PST"
26,KNeighborsClassifier,0.2,0.2,,0.05,1.2943751811981201,50,0.025887503623962402,0.6190602779388428,Recall,"{'knn__weights': 'distance', 'knn__n_neighbors': 5, 'knn__metric': 'manhattan'}",0.5754385964912281,1.0,0.3484013230429989,Yes,0.651598676957001,1.0,0.8871750217688767,1.0,0.5,1.0,0.3484013230429989,1.0,0.4106562703053931,1.0,0.7975438432680078,0.6,258,208,6924,649,0.28,0.03,0.97,0.72,0.75,"7/32: Random Search: Recall, test_size: 0.2, SMOTE: 0.2, threshold: 0.6","Oct 15, 2023 12:48 PM PST"
27,SVC,0.2,0.2,,0.05,196.57167196273804,50,3.9314334392547607,1.3628201484680176,Recall,"{'svm__kernel': 'rbf', 'svm__C': 0.1}",0.8771929824561402,0.9157894736842105,0.86438809261301,Yes,0.051401381071200514,0.8597311513734658,0.8333126010697848,0.5471698113207547,0.3918040979510245,0.9157894736842105,0.86438809261301,0.6850393700787402,0.5392022008253095,0.9581198789399866,0.9134496231405143,0.6,357,266,6866,550,0.39,0.04,0.96,0.61,0.65,"7/32: Random Search: Recall, test_size: 0.2, SMOTE: 0.2, threshold: 0.6","Oct 15, 2023 12:48 PM PST"
28,LogisticRegression,0.2,0.2,,None,26.580753803253174,50,0.5316150760650635,0.004067182540893555,Recall,"{'logreg__solver': 'newton-cg', 'logreg__C': 0.01}",0.8659424015864658,0.8853838065194533,0.8235942668136714,Yes,0.061789539705781826,0.8892686061455778,0.8821992785172285,0.616925143485163,0.4869621903520209,0.8853838065194533,0.8235942668136714,0.7271680460597337,0.6120442441622287,0.9570498595202792,0.9399498262717654,0.65,634,504,6628,273,0.7,0.07,0.93,0.3,0.37,"8/32: Random Search: Recall, test_size: 0.2, SMOTE: 0.2, threshold: 0.65","Oct 15, 2023 12:52 PM PST"
29,DecisionTreeClassifier,0.2,0.2,,None,4.1136651039123535,50,0.08227330207824707,0.0027348995208740234,Recall,"{'tree__min_samples_split': 20, 'tree__min_samples_leaf': 2, 'tree__max_depth': 4, 'tree__criterion': 'entropy'}",0.9255215951841181,0.9114966701717491,0.8886438809261301,Yes,0.022852789245618954,0.8539841102932586,0.8472446821743999,0.5364620938628158,0.41696844283497153,0.9114966701717491,0.8886438809261301,0.6754106876176872,0.5676056338028168,0.9295230028862567,0.9265043616020717,0.65,784,995,6137,123,0.86,0.14,0.86,0.14,0.28,"8/32: Random Search: Recall, test_size: 0.2, SMOTE: 0.2, threshold: 0.65","Oct 15, 2023 12:52 PM PST"
30,KNeighborsClassifier,0.2,0.2,,0.05,1.2584800720214844,50,0.02516960144042969,0.6147031784057617,Recall,"{'knn__weights': 'distance', 'knn__n_neighbors': 5, 'knn__metric': 'manhattan'}",0.5754385964912281,1.0,0.3484013230429989,Yes,0.651598676957001,1.0,0.8871750217688767,1.0,0.5,1.0,0.3484013230429989,1.0,0.4106562703053931,1.0,0.7975438432680078,0.65,182,134,6998,725,0.2,0.02,0.98,0.8,0.8200000000000001,"8/32: Random Search: Recall, test_size: 0.2, SMOTE: 0.2, threshold: 0.65","Oct 15, 2023 12:52 PM PST"
31,SVC,0.2,0.2,,0.05,198.14828896522522,50,3.9629657793045046,1.342885971069336,Recall,"{'svm__kernel': 'rbf', 'svm__C': 0.1}",0.8771929824561402,0.9157894736842105,0.86438809261301,Yes,0.051401381071200514,0.8597311513734658,0.8333126010697848,0.5471698113207547,0.3918040979510245,0.9157894736842105,0.86438809261301,0.6850393700787402,0.5392022008253095,0.9581198789399866,0.9134496231405143,0.65,294,197,6935,613,0.32,0.03,0.97,0.68,0.7100000000000001,"8/32: Random Search: Recall, test_size: 0.2, SMOTE: 0.2, threshold: 0.65","Oct 15, 2023 12:52 PM PST"
32,LogisticRegression,0.25,0.2,,None,23.73517608642578,50,0.4747035217285156,0.006478071212768555,Recall,"{'logreg__solver': 'lbfgs', 'logreg__C': 1}",0.8646288347044578,0.8822209758833427,0.8314210061782877,Yes,0.05079996970505496,0.8888611933322947,0.8829734301920589,0.6163793103448276,0.48884276076803324,0.8822209758833427,0.8314210061782877,0.7257208765859287,0.615686274509804,0.9598402128876911,0.9404028656991587,0.3,1057,1560,7356,76,0.93,0.17,0.83,0.07,0.24000000000000002,"9/32: Random Search: Recall, test_size: 0.25, SMOTE: 0.2, threshold: 0.3","Oct 15, 2023 12:56 PM PST"
33,DecisionTreeClassifier,0.25,0.2,,None,4.236724853515625,50,0.0847344970703125,0.003226757049560547,Recall,"{'tree__min_samples_split': 20, 'tree__min_samples_leaf': 2, 'tree__max_depth': 4, 'tree__criterion': 'entropy'}",0.9160560572812393,0.9125070106561974,0.8879082082965578,Yes,0.024598802359639627,0.8532481694968064,0.8464523833217236,0.5350213745478462,0.4153592072667217,0.9125070106561974,0.8879082082965578,0.6745439469320067,0.5659634317862166,0.9289178945301777,0.9256598904673491,0.3,1040,1683,7233,93,0.92,0.19,0.81,0.08,0.27,"9/32: Random Search: Recall, test_size: 0.25, SMOTE: 0.2, threshold: 0.3","Oct 15, 2023 12:56 PM PST"
34,KNeighborsClassifier,0.25,0.2,,0.05,1.2889928817749023,50,0.025779857635498046,0.8012809753417969,Recall,"{'knn__weights': 'distance', 'knn__n_neighbors': 10, 'knn__metric': 'manhattan'}",0.5433263452131377,1.0,0.32038834951456313,Yes,0.6796116504854368,1.0,0.8944173549606926,1.0,0.555045871559633,1.0,0.32038834951456313,1.0,0.40626748740906554,1.0,0.8273671854242618,0.3,596,795,8121,537,0.53,0.09,0.91,0.47,0.5599999999999999,"9/32: Random Search: Recall, test_size: 0.25, SMOTE: 0.2, threshold: 0.3","Oct 15, 2023 12:56 PM PST"
35,SVC,0.25,0.2,,0.05,163.56483483314514,50,3.271296696662903,0.143690824508667,Recall,"{'svm__kernel': 'linear', 'svm__C': 0.1}",0.8802236198462612,0.9400749063670412,0.7784642541924095,Yes,0.16161065217463166,0.8915211970074813,0.8728231664842273,0.6136919315403423,0.46202200104766894,0.9400749063670412,0.7784642541924095,0.742603550295858,0.5798816568047337,0.9600102527039406,0.9193941433174273,0.3,673,517,8399,460,0.59,0.06,0.94,0.41,0.47,"9/32: Random Search: Recall, test_size: 0.25, SMOTE: 0.2, threshold: 0.3","Oct 15, 2023 12:56 PM PST"
36,LogisticRegression,0.25,0.2,,None,23.752692937850952,50,0.47505385875701905,0.0050089359283447266,Recall,"{'logreg__solver': 'lbfgs', 'logreg__C': 1}",0.8646288347044578,0.8822209758833427,0.8314210061782877,Yes,0.05079996970505496,0.8888611933322947,0.8829734301920589,0.6163793103448276,0.48884276076803324,0.8822209758833427,0.8314210061782877,0.7257208765859287,0.615686274509804,0.9598402128876911,0.9404028656991587,0.35,1032,1381,7535,101,0.91,0.15,0.85,0.09,0.24,"10/32: Random Search: Recall, test_size: 0.25, SMOTE: 0.2, threshold: 0.35","Oct 15, 2023 12:59 PM PST"
37,DecisionTreeClassifier,0.25,0.2,,None,4.161142110824585,50,0.0832228422164917,0.0037870407104492188,Recall,"{'tree__min_samples_split': 20, 'tree__min_samples_leaf': 2, 'tree__max_depth': 4, 'tree__criterion': 'entropy'}",0.9160560572812393,0.9125070106561974,0.8879082082965578,Yes,0.024598802359639627,0.8532481694968064,0.8464523833217236,0.5350213745478462,0.4153592072667217,0.9125070106561974,0.8879082082965578,0.6745439469320067,0.5659634317862166,0.9289178945301777,0.9256598904673491,0.35,1006,1416,7500,127,0.89,0.16,0.84,0.11,0.27,"10/32: Random Search: Recall, test_size: 0.25, SMOTE: 0.2, threshold: 0.35","Oct 15, 2023 01:00 PM PST"
38,KNeighborsClassifier,0.25,0.2,,0.05,1.2551801204681396,50,0.025103602409362793,0.7233829498291016,Recall,"{'knn__weights': 'distance', 'knn__n_neighbors': 10, 'knn__metric': 'manhattan'}",0.5433263452131377,1.0,0.32038834951456313,Yes,0.6796116504854368,1.0,0.8944173549606926,1.0,0.555045871559633,1.0,0.32038834951456313,1.0,0.40626748740906554,1.0,0.8273671854242618,0.35,526,643,8273,607,0.46,0.07,0.93,0.54,0.6100000000000001,"10/32: Random Search: Recall, test_size: 0.25, SMOTE: 0.2, threshold: 0.35","Oct 15, 2023 01:00 PM PST"
39,SVC,0.25,0.2,,0.05,164.0190200805664,50,3.2803804016113283,0.15755581855773926,Recall,"{'svm__kernel': 'linear', 'svm__C': 0.1}",0.8802236198462612,0.9400749063670412,0.7784642541924095,Yes,0.16161065217463166,0.8915211970074813,0.8728231664842273,0.6136919315403423,0.46202200104766894,0.9400749063670412,0.7784642541924095,0.742603550295858,0.5798816568047337,0.9600102527039406,0.9193941433174273,0.35,604,409,8507,529,0.53,0.05,0.95,0.47,0.52,"10/32: Random Search: Recall, test_size: 0.25, SMOTE: 0.2, threshold: 0.35","Oct 15, 2023 01:00 PM PST"
40,LogisticRegression,0.25,0.2,,None,23.984278917312622,50,0.4796855783462524,0.006601810455322266,Recall,"{'logreg__solver': 'lbfgs', 'logreg__C': 1}",0.8646288347044578,0.8822209758833427,0.8314210061782877,Yes,0.05079996970505496,0.8888611933322947,0.8829734301920589,0.6163793103448276,0.48884276076803324,0.8822209758833427,0.8314210061782877,0.7257208765859287,0.615686274509804,0.9598402128876911,0.9404028656991587,0.4,1000,1249,7667,133,0.88,0.14,0.86,0.12,0.26,"11/32: Random Search: Recall, test_size: 0.25, SMOTE: 0.2, threshold: 0.4","Oct 15, 2023 01:02 PM PST"
41,DecisionTreeClassifier,0.25,0.2,,None,3.992473840713501,50,0.07984947681427002,0.0030930042266845703,Recall,"{'tree__min_samples_split': 20, 'tree__min_samples_leaf': 2, 'tree__max_depth': 4, 'tree__criterion': 'entropy'}",0.9160560572812393,0.9125070106561974,0.8879082082965578,Yes,0.024598802359639627,0.8532481694968064,0.8464523833217236,0.5350213745478462,0.4153592072667217,0.9125070106561974,0.8879082082965578,0.6745439469320067,0.5659634317862166,0.9289178945301777,0.9256598904673491,0.4,1006,1416,7500,127,0.89,0.16,0.84,0.11,0.27,"11/32: Random Search: Recall, test_size: 0.25, SMOTE: 0.2, threshold: 0.4","Oct 15, 2023 01:03 PM PST"
42,KNeighborsClassifier,0.25,0.2,,0.05,1.2117717266082764,50,0.024235434532165527,0.7001430988311768,Recall,"{'knn__weights': 'distance', 'knn__n_neighbors': 10, 'knn__metric': 'manhattan'}",0.5433263452131377,1.0,0.32038834951456313,Yes,0.6796116504854368,1.0,0.8944173549606926,1.0,0.555045871559633,1.0,0.32038834951456313,1.0,0.40626748740906554,1.0,0.8273671854242618,0.4,459,516,8400,674,0.41,0.06,0.94,0.59,0.6499999999999999,"11/32: Random Search: Recall, test_size: 0.25, SMOTE: 0.2, threshold: 0.4","Oct 15, 2023 01:03 PM PST"
43,SVC,0.25,0.2,,0.05,166.7025978565216,50,3.3340519571304323,0.15153884887695312,Recall,"{'svm__kernel': 'linear', 'svm__C': 0.1}",0.8802236198462612,0.9400749063670412,0.7784642541924095,Yes,0.16161065217463166,0.8915211970074813,0.8728231664842273,0.6136919315403423,0.46202200104766894,0.9400749063670412,0.7784642541924095,0.742603550295858,0.5798816568047337,0.9600102527039406,0.9193941433174273,0.4,553,313,8603,580,0.49,0.04,0.96,0.51,0.55,"11/32: Random Search: Recall, test_size: 0.25, SMOTE: 0.2, threshold: 0.4","Oct 15, 2023 01:03 PM PST"
44,LogisticRegression,0.25,0.2,,None,23.74563503265381,50,0.47491270065307617,0.004248619079589844,Recall,"{'logreg__solver': 'lbfgs', 'logreg__C': 1}",0.8646288347044578,0.8822209758833427,0.8314210061782877,Yes,0.05079996970505496,0.8888611933322947,0.8829734301920589,0.6163793103448276,0.48884276076803324,0.8822209758833427,0.8314210061782877,0.7257208765859287,0.615686274509804,0.9598402128876911,0.9404028656991587,0.45,978,1109,7807,155,0.86,0.12,0.88,0.14,0.26,"12/32: Random Search: Recall, test_size: 0.25, SMOTE: 0.2, threshold: 0.45","Oct 15, 2023 01:06 PM PST"
45,DecisionTreeClassifier,0.25,0.2,,None,4.014358043670654,50,0.08028716087341309,0.003612995147705078,Recall,"{'tree__min_samples_split': 20, 'tree__min_samples_leaf': 2, 'tree__max_depth': 4, 'tree__criterion': 'entropy'}",0.9160560572812393,0.9125070106561974,0.8879082082965578,Yes,0.024598802359639627,0.8532481694968064,0.8464523833217236,0.5350213745478462,0.4153592072667217,0.9125070106561974,0.8879082082965578,0.6745439469320067,0.5659634317862166,0.9289178945301777,0.9256598904673491,0.45,1006,1416,7500,127,0.89,0.16,0.84,0.11,0.27,"12/32: Random Search: Recall, test_size: 0.25, SMOTE: 0.2, threshold: 0.45","Oct 15, 2023 01:06 PM PST"
46,KNeighborsClassifier,0.25,0.2,,0.05,1.2129700183868408,50,0.024259400367736817,0.7172119617462158,Recall,"{'knn__weights': 'distance', 'knn__n_neighbors': 10, 'knn__metric': 'manhattan'}",0.5433263452131377,1.0,0.32038834951456313,Yes,0.6796116504854368,1.0,0.8944173549606926,1.0,0.555045871559633,1.0,0.32038834951456313,1.0,0.40626748740906554,1.0,0.8273671854242618,0.45,407,399,8517,726,0.36,0.04,0.96,0.64,0.68,"12/32: Random Search: Recall, test_size: 0.25, SMOTE: 0.2, threshold: 0.45","Oct 15, 2023 01:06 PM PST"
47,SVC,0.25,0.2,,0.05,165.11423110961914,50,3.3022846221923827,0.14705371856689453,Recall,"{'svm__kernel': 'linear', 'svm__C': 0.1}",0.8802236198462612,0.9400749063670412,0.7784642541924095,Yes,0.16161065217463166,0.8915211970074813,0.8728231664842273,0.6136919315403423,0.46202200104766894,0.9400749063670412,0.7784642541924095,0.742603550295858,0.5798816568047337,0.9600102527039406,0.9193941433174273,0.45,494,270,8646,639,0.44,0.03,0.97,0.56,0.5900000000000001,"12/32: Random Search: Recall, test_size: 0.25, SMOTE: 0.2, threshold: 0.45","Oct 15, 2023 01:06 PM PST"
48,LogisticRegression,0.25,0.2,,None,23.122617959976196,50,0.46245235919952393,0.004256010055541992,Recall,"{'logreg__solver': 'lbfgs', 'logreg__C': 1}",0.8646288347044578,0.8822209758833427,0.8314210061782877,Yes,0.05079996970505496,0.8888611933322947,0.8829734301920589,0.6163793103448276,0.48884276076803324,0.8822209758833427,0.8314210061782877,0.7257208765859287,0.615686274509804,0.9598402128876911,0.9404028656991587,0.5,942,985,7931,191,0.83,0.11,0.89,0.17,0.28,"13/32: Random Search: Recall, test_size: 0.25, SMOTE: 0.2, threshold: 0.5","Oct 15, 2023 01:09 PM PST"
49,DecisionTreeClassifier,0.25,0.2,,None,3.934581995010376,50,0.07869163990020751,0.0033860206604003906,Recall,"{'tree__min_samples_split': 20, 'tree__min_samples_leaf': 2, 'tree__max_depth': 4, 'tree__criterion': 'entropy'}",0.9160560572812393,0.9125070106561974,0.8879082082965578,Yes,0.024598802359639627,0.8532481694968064,0.8464523833217236,0.5350213745478462,0.4153592072667217,0.9125070106561974,0.8879082082965578,0.6745439469320067,0.5659634317862166,0.9289178945301777,0.9256598904673491,0.5,1006,1416,7500,127,0.89,0.16,0.84,0.11,0.27,"13/32: Random Search: Recall, test_size: 0.25, SMOTE: 0.2, threshold: 0.5","Oct 15, 2023 01:10 PM PST"
50,KNeighborsClassifier,0.25,0.2,,0.05,1.2685818672180176,50,0.02537163734436035,0.7218189239501953,Recall,"{'knn__weights': 'distance', 'knn__n_neighbors': 10, 'knn__metric': 'manhattan'}",0.5433263452131377,1.0,0.32038834951456313,Yes,0.6796116504854368,1.0,0.8944173549606926,1.0,0.555045871559633,1.0,0.32038834951456313,1.0,0.40626748740906554,1.0,0.8273671854242618,0.5,363,291,8625,770,0.32,0.03,0.97,0.68,0.7100000000000001,"13/32: Random Search: Recall, test_size: 0.25, SMOTE: 0.2, threshold: 0.5","Oct 15, 2023 01:10 PM PST"
51,SVC,0.25,0.2,,0.05,169.44951701164246,50,3.388990340232849,0.149871826171875,Recall,"{'svm__kernel': 'linear', 'svm__C': 0.1}",0.8802236198462612,0.9400749063670412,0.7784642541924095,Yes,0.16161065217463166,0.8915211970074813,0.8728231664842273,0.6136919315403423,0.46202200104766894,0.9400749063670412,0.7784642541924095,0.742603550295858,0.5798816568047337,0.9600102527039406,0.9193941433174273,0.5,882,1027,7889,251,0.78,0.12,0.88,0.22,0.33999999999999997,"13/32: Random Search: Recall, test_size: 0.25, SMOTE: 0.2, threshold: 0.5","Oct 15, 2023 01:10 PM PST"
52,LogisticRegression,0.25,0.2,,None,23.497246980667114,50,0.46994493961334227,0.006793975830078125,Recall,"{'logreg__solver': 'lbfgs', 'logreg__C': 1}",0.8646288347044578,0.8822209758833427,0.8314210061782877,Yes,0.05079996970505496,0.8888611933322947,0.8829734301920589,0.6163793103448276,0.48884276076803324,0.8822209758833427,0.8314210061782877,0.7257208765859287,0.615686274509804,0.9598402128876911,0.9404028656991587,0.55,889,863,8053,244,0.78,0.1,0.9,0.22,0.32,"14/32: Random Search: Recall, test_size: 0.25, SMOTE: 0.2, threshold: 0.55","Oct 15, 2023 01:13 PM PST"
53,DecisionTreeClassifier,0.25,0.2,,None,4.064455270767212,50,0.08128910541534423,0.003492116928100586,Recall,"{'tree__min_samples_split': 20, 'tree__min_samples_leaf': 2, 'tree__max_depth': 4, 'tree__criterion': 'entropy'}",0.9160560572812393,0.9125070106561974,0.8879082082965578,Yes,0.024598802359639627,0.8532481694968064,0.8464523833217236,0.5350213745478462,0.4153592072667217,0.9125070106561974,0.8879082082965578,0.6745439469320067,0.5659634317862166,0.9289178945301777,0.9256598904673491,0.55,980,1247,7669,153,0.86,0.14,0.86,0.14,0.28,"14/32: Random Search: Recall, test_size: 0.25, SMOTE: 0.2, threshold: 0.55","Oct 15, 2023 01:13 PM PST"
54,KNeighborsClassifier,0.25,0.2,,0.05,1.268522024154663,50,0.02537044048309326,0.7274339199066162,Recall,"{'knn__weights': 'distance', 'knn__n_neighbors': 10, 'knn__metric': 'manhattan'}",0.5433263452131377,1.0,0.32038834951456313,Yes,0.6796116504854368,1.0,0.8944173549606926,1.0,0.555045871559633,1.0,0.32038834951456313,1.0,0.40626748740906554,1.0,0.8273671854242618,0.55,306,207,8709,827,0.27,0.02,0.98,0.73,0.75,"14/32: Random Search: Recall, test_size: 0.25, SMOTE: 0.2, threshold: 0.55","Oct 15, 2023 01:13 PM PST"
55,SVC,0.25,0.2,,0.05,165.03735089302063,50,3.3007470178604126,0.14913511276245117,Recall,"{'svm__kernel': 'linear', 'svm__C': 0.1}",0.8802236198462612,0.9400749063670412,0.7784642541924095,Yes,0.16161065217463166,0.8915211970074813,0.8728231664842273,0.6136919315403423,0.46202200104766894,0.9400749063670412,0.7784642541924095,0.742603550295858,0.5798816568047337,0.9600102527039406,0.9193941433174273,0.55,397,179,8737,736,0.35,0.02,0.98,0.65,0.67,"14/32: Random Search: Recall, test_size: 0.25, SMOTE: 0.2, threshold: 0.55","Oct 15, 2023 01:13 PM PST"
56,LogisticRegression,0.25,0.2,,None,23.983193159103394,50,0.4796638631820679,0.004227161407470703,Recall,"{'logreg__solver': 'lbfgs', 'logreg__C': 1}",0.8646288347044578,0.8822209758833427,0.8314210061782877,Yes,0.05079996970505496,0.8888611933322947,0.8829734301920589,0.6163793103448276,0.48884276076803324,0.8822209758833427,0.8314210061782877,0.7257208765859287,0.615686274509804,0.9598402128876911,0.9404028656991587,0.6,856,742,8174,277,0.76,0.08,0.92,0.24,0.32,"15/32: Random Search: Recall, test_size: 0.25, SMOTE: 0.2, threshold: 0.6","Oct 15, 2023 01:16 PM PST"
57,DecisionTreeClassifier,0.25,0.2,,None,4.004845857620239,50,0.08009691715240479,0.0029268264770507812,Recall,"{'tree__min_samples_split': 20, 'tree__min_samples_leaf': 2, 'tree__max_depth': 4, 'tree__criterion': 'entropy'}",0.9160560572812393,0.9125070106561974,0.8879082082965578,Yes,0.024598802359639627,0.8532481694968064,0.8464523833217236,0.5350213745478462,0.4153592072667217,0.9125070106561974,0.8879082082965578,0.6745439469320067,0.5659634317862166,0.9289178945301777,0.9256598904673491,0.6,980,1247,7669,153,0.86,0.14,0.86,0.14,0.28,"15/32: Random Search: Recall, test_size: 0.25, SMOTE: 0.2, threshold: 0.6","Oct 15, 2023 01:16 PM PST"
58,KNeighborsClassifier,0.25,0.2,,0.05,1.23630690574646,50,0.0247261381149292,0.716461181640625,Recall,"{'knn__weights': 'distance', 'knn__n_neighbors': 10, 'knn__metric': 'manhattan'}",0.5433263452131377,1.0,0.32038834951456313,Yes,0.6796116504854368,1.0,0.8944173549606926,1.0,0.555045871559633,1.0,0.32038834951456313,1.0,0.40626748740906554,1.0,0.8273671854242618,0.6,269,160,8756,864,0.24,0.02,0.98,0.76,0.78,"15/32: Random Search: Recall, test_size: 0.25, SMOTE: 0.2, threshold: 0.6","Oct 15, 2023 01:16 PM PST"
59,SVC,0.25,0.2,,0.05,168.57795190811157,50,3.3715590381622316,0.16080474853515625,Recall,"{'svm__kernel': 'linear', 'svm__C': 0.1}",0.8802236198462612,0.9400749063670412,0.7784642541924095,Yes,0.16161065217463166,0.8915211970074813,0.8728231664842273,0.6136919315403423,0.46202200104766894,0.9400749063670412,0.7784642541924095,0.742603550295858,0.5798816568047337,0.9600102527039406,0.9193941433174273,0.6,339,142,8774,794,0.3,0.02,0.98,0.7,0.72,"15/32: Random Search: Recall, test_size: 0.25, SMOTE: 0.2, threshold: 0.6","Oct 15, 2023 01:16 PM PST"
60,LogisticRegression,0.25,0.2,,None,23.94688320159912,50,0.4789376640319824,0.006178140640258789,Recall,"{'logreg__solver': 'lbfgs', 'logreg__C': 1}",0.8646288347044578,0.8822209758833427,0.8314210061782877,Yes,0.05079996970505496,0.8888611933322947,0.8829734301920589,0.6163793103448276,0.48884276076803324,0.8822209758833427,0.8314210061782877,0.7257208765859287,0.615686274509804,0.9598402128876911,0.9404028656991587,0.65,809,637,8279,324,0.71,0.07,0.93,0.29,0.36,"16/32: Random Search: Recall, test_size: 0.25, SMOTE: 0.2, threshold: 0.65","Oct 15, 2023 01:19 PM PST"
61,DecisionTreeClassifier,0.25,0.2,,None,3.891197919845581,50,0.07782395839691163,0.002556324005126953,Recall,"{'tree__min_samples_split': 20, 'tree__min_samples_leaf': 2, 'tree__max_depth': 4, 'tree__criterion': 'entropy'}",0.9160560572812393,0.9125070106561974,0.8879082082965578,Yes,0.024598802359639627,0.8532481694968064,0.8464523833217236,0.5350213745478462,0.4153592072667217,0.9125070106561974,0.8879082082965578,0.6745439469320067,0.5659634317862166,0.9289178945301777,0.9256598904673491,0.65,980,1247,7669,153,0.86,0.14,0.86,0.14,0.28,"16/32: Random Search: Recall, test_size: 0.25, SMOTE: 0.2, threshold: 0.65","Oct 15, 2023 01:20 PM PST"
62,KNeighborsClassifier,0.25,0.2,,0.05,1.2459900379180908,50,0.024919800758361817,0.736544132232666,Recall,"{'knn__weights': 'distance', 'knn__n_neighbors': 10, 'knn__metric': 'manhattan'}",0.5433263452131377,1.0,0.32038834951456313,Yes,0.6796116504854368,1.0,0.8944173549606926,1.0,0.555045871559633,1.0,0.32038834951456313,1.0,0.40626748740906554,1.0,0.8273671854242618,0.65,232,108,8808,901,0.2,0.01,0.99,0.8,0.81,"16/32: Random Search: Recall, test_size: 0.25, SMOTE: 0.2, threshold: 0.65","Oct 15, 2023 01:20 PM PST"
63,SVC,0.25,0.2,,0.05,165.50592684745789,50,3.3101185369491577,0.15761995315551758,Recall,"{'svm__kernel': 'linear', 'svm__C': 0.1}",0.8802236198462612,0.9400749063670412,0.7784642541924095,Yes,0.16161065217463166,0.8915211970074813,0.8728231664842273,0.6136919315403423,0.46202200104766894,0.9400749063670412,0.7784642541924095,0.742603550295858,0.5798816568047337,0.9600102527039406,0.9193941433174273,0.65,282,128,8788,851,0.25,0.01,0.99,0.75,0.76,"16/32: Random Search: Recall, test_size: 0.25, SMOTE: 0.2, threshold: 0.65","Oct 15, 2023 01:20 PM PST"
64,LogisticRegression,0.3,0.2,,None,23.040830850601196,50,0.4608166170120239,0.005964040756225586,Recall,"{'logreg__solver': 'newton-cg', 'logreg__C': 0.01}",0.8655388855789656,0.8862179487179487,0.8227941176470588,Yes,0.06342383107088989,0.8888332498748123,0.8809188158222074,0.6156415251878653,0.48357821953327573,0.8862179487179487,0.8227941176470588,0.7265560847429791,0.6091453456722918,0.9567130827984391,0.9384681361094769,0.3,1272,1972,8727,88,0.94,0.18,0.82,0.06,0.24,"17/32: Random Search: Recall, test_size: 0.3, SMOTE: 0.2, threshold: 0.3","Oct 15, 2023 01:23 PM PST"
65,DecisionTreeClassifier,0.3,0.2,,None,3.742893695831299,50,0.07485787391662597,0.004664182662963867,Recall,"{'tree__min_samples_split': 20, 'tree__min_samples_leaf': 2, 'tree__max_depth': 4, 'tree__criterion': 'gini'}",0.929677172162142,0.9256810897435898,0.9,Yes,0.025681089743589736,0.8503087965281255,0.8377145700306825,0.5290817494847722,0.4019704433497537,0.9256810897435898,0.9,0.6733207052309486,0.5557321225879682,0.9305288934995588,0.9272160537268463,0.3,1290,2386,8313,70,0.95,0.22,0.78,0.05,0.27,"17/32: Random Search: Recall, test_size: 0.3, SMOTE: 0.2, threshold: 0.3","Oct 15, 2023 01:23 PM PST"
66,KNeighborsClassifier,0.3,0.2,,0.05,1.1475341320037842,50,0.022950682640075683,0.6255059242248535,Recall,"{'knn__weights': 'uniform', 'knn__n_neighbors': 5, 'knn__metric': 'euclidean'}",0.5426122448979591,0.6265060240963856,0.3786764705882353,Yes,0.24782955350815028,0.9138276553106213,0.8907869640932083,0.8125,0.5217831813576495,0.6265060240963856,0.3786764705882353,0.7074829931972789,0.43885811674478054,0.9530188059932037,0.7899371092955362,0.3,755,966,9733,605,0.56,0.09,0.91,0.44,0.53,"17/32: Random Search: Recall, test_size: 0.3, SMOTE: 0.2, threshold: 0.3","Oct 15, 2023 01:23 PM PST"
67,SVC,0.3,0.2,,0.05,140.2732059955597,50,2.805464119911194,1.917647123336792,Recall,"{'svm__kernel': 'rbf', 'svm__C': 0.1}",0.8396734693877551,0.8955823293172691,0.8433823529411765,Yes,0.05219997637609264,0.85437541750167,0.8452608010614479,0.5373493975903615,0.40964285714285714,0.8955823293172691,0.8433823529411765,0.6716867469879519,0.5514423076923077,0.9513567088868293,0.9145711116486973,0.3,975,1105,9594,385,0.72,0.1,0.9,0.28,0.38,"17/32: Random Search: Recall, test_size: 0.3, SMOTE: 0.2, threshold: 0.3","Oct 15, 2023 01:23 PM PST"
68,LogisticRegression,0.3,0.2,,None,23.24670100212097,50,0.46493402004241946,0.00658106803894043,Recall,"{'logreg__solver': 'newton-cg', 'logreg__C': 0.01}",0.8655388855789656,0.8862179487179487,0.8227941176470588,Yes,0.06342383107088989,0.8888332498748123,0.8809188158222074,0.6156415251878653,0.48357821953327573,0.8862179487179487,0.8227941176470588,0.7265560847429791,0.6091453456722918,0.9567130827984391,0.9384681361094769,0.35,1235,1744,8955,125,0.91,0.16,0.84,0.09,0.25,"18/32: Random Search: Recall, test_size: 0.3, SMOTE: 0.2, threshold: 0.35","Oct 15, 2023 01:26 PM PST"
69,DecisionTreeClassifier,0.3,0.2,,None,3.6491427421569824,50,0.07298285484313966,0.0029458999633789062,Recall,"{'tree__min_samples_split': 20, 'tree__min_samples_leaf': 2, 'tree__max_depth': 4, 'tree__criterion': 'gini'}",0.929677172162142,0.9256810897435898,0.9,Yes,0.025681089743589736,0.8503087965281255,0.8377145700306825,0.5290817494847722,0.4019704433497537,0.9256810897435898,0.9,0.6733207052309486,0.5557321225879682,0.9305288934995588,0.9272160537268463,0.35,1224,1821,8878,136,0.9,0.17,0.83,0.1,0.27,"18/32: Random Search: Recall, test_size: 0.3, SMOTE: 0.2, threshold: 0.35","Oct 15, 2023 01:26 PM PST"
70,KNeighborsClassifier,0.3,0.2,,0.05,1.1274030208587646,50,0.022548060417175293,0.47165393829345703,Recall,"{'knn__weights': 'uniform', 'knn__n_neighbors': 5, 'knn__metric': 'euclidean'}",0.5426122448979591,0.6265060240963856,0.3786764705882353,Yes,0.24782955350815028,0.9138276553106213,0.8907869640932083,0.8125,0.5217831813576495,0.6265060240963856,0.3786764705882353,0.7074829931972789,0.43885811674478054,0.9530188059932037,0.7899371092955362,0.35,755,966,9733,605,0.56,0.09,0.91,0.44,0.53,"18/32: Random Search: Recall, test_size: 0.3, SMOTE: 0.2, threshold: 0.35","Oct 15, 2023 01:26 PM PST"
71,SVC,0.3,0.2,,0.05,140.1868131160736,50,2.8037362623214723,1.8843052387237549,Recall,"{'svm__kernel': 'rbf', 'svm__C': 0.1}",0.8396734693877551,0.8955823293172691,0.8433823529411765,Yes,0.05219997637609264,0.85437541750167,0.8452608010614479,0.5373493975903615,0.40964285714285714,0.8955823293172691,0.8433823529411765,0.6716867469879519,0.5514423076923077,0.9513567088868293,0.9145711116486973,0.35,900,957,9742,460,0.66,0.09,0.91,0.34,0.43000000000000005,"18/32: Random Search: Recall, test_size: 0.3, SMOTE: 0.2, threshold: 0.35","Oct 15, 2023 01:26 PM PST"
72,LogisticRegression,0.3,0.2,,None,23.019765853881836,50,0.4603953170776367,0.006807088851928711,Recall,"{'logreg__solver': 'newton-cg', 'logreg__C': 0.01}",0.8655388855789656,0.8862179487179487,0.8227941176470588,Yes,0.06342383107088989,0.8888332498748123,0.8809188158222074,0.6156415251878653,0.48357821953327573,0.8862179487179487,0.8227941176470588,0.7265560847429791,0.6091453456722918,0.9567130827984391,0.9384681361094769,0.4,1204,1548,9151,156,0.89,0.14,0.86,0.11,0.25,"19/32: Random Search: Recall, test_size: 0.3, SMOTE: 0.2, threshold: 0.4","Oct 15, 2023 01:29 PM PST"
73,DecisionTreeClassifier,0.3,0.2,,None,3.612396240234375,50,0.0722479248046875,0.004391908645629883,Recall,"{'tree__min_samples_split': 20, 'tree__min_samples_leaf': 2, 'tree__max_depth': 4, 'tree__criterion': 'gini'}",0.929677172162142,0.9256810897435898,0.9,Yes,0.025681089743589736,0.8503087965281255,0.8377145700306825,0.5290817494847722,0.4019704433497537,0.9256810897435898,0.9,0.6733207052309486,0.5557321225879682,0.9305288934995588,0.9272160537268463,0.4,1224,1821,8878,136,0.9,0.17,0.83,0.1,0.27,"19/32: Random Search: Recall, test_size: 0.3, SMOTE: 0.2, threshold: 0.4","Oct 15, 2023 01:29 PM PST"
74,KNeighborsClassifier,0.3,0.2,,0.05,1.1203649044036865,50,0.02240729808807373,0.4770481586456299,Recall,"{'knn__weights': 'uniform', 'knn__n_neighbors': 5, 'knn__metric': 'euclidean'}",0.5426122448979591,0.6265060240963856,0.3786764705882353,Yes,0.24782955350815028,0.9138276553106213,0.8907869640932083,0.8125,0.5217831813576495,0.6265060240963856,0.3786764705882353,0.7074829931972789,0.43885811674478054,0.9530188059932037,0.7899371092955362,0.4,755,966,9733,605,0.56,0.09,0.91,0.44,0.53,"19/32: Random Search: Recall, test_size: 0.3, SMOTE: 0.2, threshold: 0.4","Oct 15, 2023 01:29 PM PST"
75,SVC,0.3,0.2,,0.05,140.35315084457397,50,2.8070630168914796,1.9719202518463135,Recall,"{'svm__kernel': 'rbf', 'svm__C': 0.1}",0.8396734693877551,0.8955823293172691,0.8433823529411765,Yes,0.05219997637609264,0.85437541750167,0.8452608010614479,0.5373493975903615,0.40964285714285714,0.8955823293172691,0.8433823529411765,0.6716867469879519,0.5514423076923077,0.9513567088868293,0.9145711116486973,0.4,815,811,9888,545,0.6,0.08,0.92,0.4,0.48000000000000004,"19/32: Random Search: Recall, test_size: 0.3, SMOTE: 0.2, threshold: 0.4","Oct 15, 2023 01:29 PM PST"
76,LogisticRegression,0.3,0.2,,None,23.00407123565674,50,0.4600814247131348,0.006868124008178711,Recall,"{'logreg__solver': 'newton-cg', 'logreg__C': 0.01}",0.8655388855789656,0.8862179487179487,0.8227941176470588,Yes,0.06342383107088989,0.8888332498748123,0.8809188158222074,0.6156415251878653,0.48357821953327573,0.8862179487179487,0.8227941176470588,0.7265560847429791,0.6091453456722918,0.9567130827984391,0.9384681361094769,0.45,1170,1365,9334,190,0.86,0.13,0.87,0.14,0.27,"20/32: Random Search: Recall, test_size: 0.3, SMOTE: 0.2, threshold: 0.45","Oct 15, 2023 01:32 PM PST"
77,DecisionTreeClassifier,0.3,0.2,,None,4.061849117279053,50,0.08123698234558105,0.003840923309326172,Recall,"{'tree__min_samples_split': 20, 'tree__min_samples_leaf': 2, 'tree__max_depth': 4, 'tree__criterion': 'gini'}",0.929677172162142,0.9256810897435898,0.9,Yes,0.025681089743589736,0.8503087965281255,0.8377145700306825,0.5290817494847722,0.4019704433497537,0.9256810897435898,0.9,0.6733207052309486,0.5557321225879682,0.9305288934995588,0.9272160537268463,0.45,1224,1821,8878,136,0.9,0.17,0.83,0.1,0.27,"20/32: Random Search: Recall, test_size: 0.3, SMOTE: 0.2, threshold: 0.45","Oct 15, 2023 01:32 PM PST"
78,KNeighborsClassifier,0.3,0.2,,0.05,1.0715773105621338,50,0.021431546211242675,0.48614501953125,Recall,"{'knn__weights': 'uniform', 'knn__n_neighbors': 5, 'knn__metric': 'euclidean'}",0.5426122448979591,0.6265060240963856,0.3786764705882353,Yes,0.24782955350815028,0.9138276553106213,0.8907869640932083,0.8125,0.5217831813576495,0.6265060240963856,0.3786764705882353,0.7074829931972789,0.43885811674478054,0.9530188059932037,0.7899371092955362,0.45,515,472,10227,845,0.38,0.04,0.96,0.62,0.66,"20/32: Random Search: Recall, test_size: 0.3, SMOTE: 0.2, threshold: 0.45","Oct 15, 2023 01:32 PM PST"
79,SVC,0.3,0.2,,0.05,139.75288820266724,50,2.795057764053345,1.9817531108856201,Recall,"{'svm__kernel': 'rbf', 'svm__C': 0.1}",0.8396734693877551,0.8955823293172691,0.8433823529411765,Yes,0.05219997637609264,0.85437541750167,0.8452608010614479,0.5373493975903615,0.40964285714285714,0.8955823293172691,0.8433823529411765,0.6716867469879519,0.5514423076923077,0.9513567088868293,0.9145711116486973,0.45,733,669,10030,627,0.54,0.06,0.94,0.46,0.52,"20/32: Random Search: Recall, test_size: 0.3, SMOTE: 0.2, threshold: 0.45","Oct 15, 2023 01:32 PM PST"
80,LogisticRegression,0.3,0.2,,None,22.615330696105957,50,0.4523066139221191,0.006660938262939453,Recall,"{'logreg__solver': 'newton-cg', 'logreg__C': 0.01}",0.8655388855789656,0.8862179487179487,0.8227941176470588,Yes,0.06342383107088989,0.8888332498748123,0.8809188158222074,0.6156415251878653,0.48357821953327573,0.8862179487179487,0.8227941176470588,0.7265560847429791,0.6091453456722918,0.9567130827984391,0.9384681361094769,0.5,1119,1195,9504,241,0.82,0.11,0.89,0.18,0.29,"21/32: Random Search: Recall, test_size: 0.3, SMOTE: 0.2, threshold: 0.5","Oct 15, 2023 01:35 PM PST"
81,DecisionTreeClassifier,0.3,0.2,,None,3.501485824584961,50,0.07002971649169921,0.0039348602294921875,Recall,"{'tree__min_samples_split': 20, 'tree__min_samples_leaf': 2, 'tree__max_depth': 4, 'tree__criterion': 'gini'}",0.929677172162142,0.9256810897435898,0.9,Yes,0.025681089743589736,0.8503087965281255,0.8377145700306825,0.5290817494847722,0.4019704433497537,0.9256810897435898,0.9,0.6733207052309486,0.5557321225879682,0.9305288934995588,0.9272160537268463,0.5,1224,1821,8878,136,0.9,0.17,0.83,0.1,0.27,"21/32: Random Search: Recall, test_size: 0.3, SMOTE: 0.2, threshold: 0.5","Oct 15, 2023 01:35 PM PST"
82,KNeighborsClassifier,0.3,0.2,,0.05,1.13676118850708,50,0.022735223770141602,0.46364593505859375,Recall,"{'knn__weights': 'uniform', 'knn__n_neighbors': 5, 'knn__metric': 'euclidean'}",0.5426122448979591,0.6265060240963856,0.3786764705882353,Yes,0.24782955350815028,0.9138276553106213,0.8907869640932083,0.8125,0.5217831813576495,0.6265060240963856,0.3786764705882353,0.7074829931972789,0.43885811674478054,0.9530188059932037,0.7899371092955362,0.5,515,472,10227,845,0.38,0.04,0.96,0.62,0.66,"21/32: Random Search: Recall, test_size: 0.3, SMOTE: 0.2, threshold: 0.5","Oct 15, 2023 01:35 PM PST"
83,SVC,0.3,0.2,,0.05,138.94372487068176,50,2.7788744974136352,1.915013313293457,Recall,"{'svm__kernel': 'rbf', 'svm__C': 0.1}",0.8396734693877551,0.8955823293172691,0.8433823529411765,Yes,0.05219997637609264,0.85437541750167,0.8452608010614479,0.5373493975903615,0.40964285714285714,0.8955823293172691,0.8433823529411765,0.6716867469879519,0.5514423076923077,0.9513567088868293,0.9145711116486973,0.5,1147,1653,9046,213,0.84,0.15,0.85,0.16,0.31,"21/32: Random Search: Recall, test_size: 0.3, SMOTE: 0.2, threshold: 0.5","Oct 15, 2023 01:35 PM PST"
84,LogisticRegression,0.3,0.2,,None,23.3070170879364,50,0.46614034175872804,0.006880044937133789,Recall,"{'logreg__solver': 'newton-cg', 'logreg__C': 0.01}",0.8655388855789656,0.8862179487179487,0.8227941176470588,Yes,0.06342383107088989,0.8888332498748123,0.8809188158222074,0.6156415251878653,0.48357821953327573,0.8862179487179487,0.8227941176470588,0.7265560847429791,0.6091453456722918,0.9567130827984391,0.9384681361094769,0.55,1067,1036,9663,293,0.78,0.1,0.9,0.22,0.32,"22/32: Random Search: Recall, test_size: 0.3, SMOTE: 0.2, threshold: 0.55","Oct 15, 2023 01:38 PM PST"
85,DecisionTreeClassifier,0.3,0.2,,None,3.502190113067627,50,0.07004380226135254,0.003557920455932617,Recall,"{'tree__min_samples_split': 20, 'tree__min_samples_leaf': 2, 'tree__max_depth': 4, 'tree__criterion': 'gini'}",0.929677172162142,0.9256810897435898,0.9,Yes,0.025681089743589736,0.8503087965281255,0.8377145700306825,0.5290817494847722,0.4019704433497537,0.9256810897435898,0.9,0.6733207052309486,0.5557321225879682,0.9305288934995588,0.9272160537268463,0.55,1224,1821,8878,136,0.9,0.17,0.83,0.1,0.27,"22/32: Random Search: Recall, test_size: 0.3, SMOTE: 0.2, threshold: 0.55","Oct 15, 2023 01:38 PM PST"
86,KNeighborsClassifier,0.3,0.2,,0.05,1.2010912895202637,50,0.024021825790405273,0.4829251766204834,Recall,"{'knn__weights': 'uniform', 'knn__n_neighbors': 5, 'knn__metric': 'euclidean'}",0.5426122448979591,0.6265060240963856,0.3786764705882353,Yes,0.24782955350815028,0.9138276553106213,0.8907869640932083,0.8125,0.5217831813576495,0.6265060240963856,0.3786764705882353,0.7074829931972789,0.43885811674478054,0.9530188059932037,0.7899371092955362,0.55,515,472,10227,845,0.38,0.04,0.96,0.62,0.66,"22/32: Random Search: Recall, test_size: 0.3, SMOTE: 0.2, threshold: 0.55","Oct 15, 2023 01:38 PM PST"
87,SVC,0.3,0.2,,0.05,139.23275709152222,50,2.784655141830444,1.9594712257385254,Recall,"{'svm__kernel': 'rbf', 'svm__C': 0.1}",0.8396734693877551,0.8955823293172691,0.8433823529411765,Yes,0.05219997637609264,0.85437541750167,0.8452608010614479,0.5373493975903615,0.40964285714285714,0.8955823293172691,0.8433823529411765,0.6716867469879519,0.5514423076923077,0.9513567088868293,0.9145711116486973,0.55,570,444,10255,790,0.42,0.04,0.96,0.58,0.62,"22/32: Random Search: Recall, test_size: 0.3, SMOTE: 0.2, threshold: 0.55","Oct 15, 2023 01:38 PM PST"
88,LogisticRegression,0.3,0.2,,None,22.005380153656006,50,0.44010760307312013,0.007242918014526367,Recall,"{'logreg__solver': 'newton-cg', 'logreg__C': 0.01}",0.8655388855789656,0.8862179487179487,0.8227941176470588,Yes,0.06342383107088989,0.8888332498748123,0.8809188158222074,0.6156415251878653,0.48357821953327573,0.8862179487179487,0.8227941176470588,0.7265560847429791,0.6091453456722918,0.9567130827984391,0.9384681361094769,0.6,1014,873,9826,346,0.75,0.08,0.92,0.25,0.33,"23/32: Random Search: Recall, test_size: 0.3, SMOTE: 0.2, threshold: 0.6","Oct 15, 2023 01:41 PM PST"
89,DecisionTreeClassifier,0.3,0.2,,None,3.545259952545166,50,0.07090519905090333,0.0035161972045898438,Recall,"{'tree__min_samples_split': 20, 'tree__min_samples_leaf': 2, 'tree__max_depth': 4, 'tree__criterion': 'gini'}",0.929677172162142,0.9256810897435898,0.9,Yes,0.025681089743589736,0.8503087965281255,0.8377145700306825,0.5290817494847722,0.4019704433497537,0.9256810897435898,0.9,0.6733207052309486,0.5557321225879682,0.9305288934995588,0.9272160537268463,0.6,1224,1821,8878,136,0.9,0.17,0.83,0.1,0.27,"23/32: Random Search: Recall, test_size: 0.3, SMOTE: 0.2, threshold: 0.6","Oct 15, 2023 01:41 PM PST"
90,KNeighborsClassifier,0.3,0.2,,0.05,1.1477549076080322,50,0.022955098152160645,0.4777078628540039,Recall,"{'knn__weights': 'uniform', 'knn__n_neighbors': 5, 'knn__metric': 'euclidean'}",0.5426122448979591,0.6265060240963856,0.3786764705882353,Yes,0.24782955350815028,0.9138276553106213,0.8907869640932083,0.8125,0.5217831813576495,0.6265060240963856,0.3786764705882353,0.7074829931972789,0.43885811674478054,0.9530188059932037,0.7899371092955362,0.6,515,472,10227,845,0.38,0.04,0.96,0.62,0.66,"23/32: Random Search: Recall, test_size: 0.3, SMOTE: 0.2, threshold: 0.6","Oct 15, 2023 01:41 PM PST"
91,SVC,0.3,0.2,,0.05,140.08135795593262,50,2.8016271591186523,2.1408660411834717,Recall,"{'svm__kernel': 'rbf', 'svm__C': 0.1}",0.8396734693877551,0.8955823293172691,0.8433823529411765,Yes,0.05219997637609264,0.85437541750167,0.8452608010614479,0.5373493975903615,0.40964285714285714,0.8955823293172691,0.8433823529411765,0.6716867469879519,0.5514423076923077,0.9513567088868293,0.9145711116486973,0.6,481,354,10345,879,0.35,0.03,0.97,0.65,0.68,"23/32: Random Search: Recall, test_size: 0.3, SMOTE: 0.2, threshold: 0.6","Oct 15, 2023 01:41 PM PST"
92,LogisticRegression,0.3,0.2,,None,22.178120851516724,50,0.4435624170303345,0.005578041076660156,Recall,"{'logreg__solver': 'newton-cg', 'logreg__C': 0.01}",0.8655388855789656,0.8862179487179487,0.8227941176470588,Yes,0.06342383107088989,0.8888332498748123,0.8809188158222074,0.6156415251878653,0.48357821953327573,0.8862179487179487,0.8227941176470588,0.7265560847429791,0.6091453456722918,0.9567130827984391,0.9384681361094769,0.65,948,742,9957,412,0.7,0.07,0.93,0.3,0.37,"24/32: Random Search: Recall, test_size: 0.3, SMOTE: 0.2, threshold: 0.65","Oct 15, 2023 01:44 PM PST"
93,DecisionTreeClassifier,0.3,0.2,,None,3.5614840984344482,50,0.07122968196868897,0.00372314453125,Recall,"{'tree__min_samples_split': 20, 'tree__min_samples_leaf': 2, 'tree__max_depth': 4, 'tree__criterion': 'gini'}",0.929677172162142,0.9256810897435898,0.9,Yes,0.025681089743589736,0.8503087965281255,0.8377145700306825,0.5290817494847722,0.4019704433497537,0.9256810897435898,0.9,0.6733207052309486,0.5557321225879682,0.9305288934995588,0.9272160537268463,0.65,1224,1821,8878,136,0.9,0.17,0.83,0.1,0.27,"24/32: Random Search: Recall, test_size: 0.3, SMOTE: 0.2, threshold: 0.65","Oct 15, 2023 01:44 PM PST"
94,KNeighborsClassifier,0.3,0.2,,0.05,1.1062672138214111,50,0.022125344276428222,0.4833981990814209,Recall,"{'knn__weights': 'uniform', 'knn__n_neighbors': 5, 'knn__metric': 'euclidean'}",0.5426122448979591,0.6265060240963856,0.3786764705882353,Yes,0.24782955350815028,0.9138276553106213,0.8907869640932083,0.8125,0.5217831813576495,0.6265060240963856,0.3786764705882353,0.7074829931972789,0.43885811674478054,0.9530188059932037,0.7899371092955362,0.65,243,180,10519,1117,0.18,0.02,0.98,0.82,0.84,"24/32: Random Search: Recall, test_size: 0.3, SMOTE: 0.2, threshold: 0.65","Oct 15, 2023 01:44 PM PST"
95,SVC,0.3,0.2,,0.05,137.8730890750885,50,2.75746178150177,2.0068869590759277,Recall,"{'svm__kernel': 'rbf', 'svm__C': 0.1}",0.8396734693877551,0.8955823293172691,0.8433823529411765,Yes,0.05219997637609264,0.85437541750167,0.8452608010614479,0.5373493975903615,0.40964285714285714,0.8955823293172691,0.8433823529411765,0.6716867469879519,0.5514423076923077,0.9513567088868293,0.9145711116486973,0.65,400,266,10433,960,0.29,0.02,0.98,0.71,0.73,"24/32: Random Search: Recall, test_size: 0.3, SMOTE: 0.2, threshold: 0.65","Oct 15, 2023 01:44 PM PST"
96,LogisticRegression,0.35,0.2,,None,18.276458978652954,50,0.3655291795730591,0.007988929748535156,Recall,"{'logreg__solver': 'newton-cg', 'logreg__C': 0.01}",0.8677881932819999,0.8869715271786023,0.8166351606805293,Yes,0.07033636649807296,0.8894521138912856,0.8810860757694221,0.6171394266846766,0.4839432412247946,0.8869715271786023,0.8166351606805293,0.7278520223028587,0.6077373974208675,0.9568699326499818,0.9382703784060263,0.3,1483,2305,10177,104,0.93,0.18,0.82,0.07,0.25,"25/32: Random Search: Recall, test_size: 0.35, SMOTE: 0.2, threshold: 0.3","Oct 15, 2023 01:47 PM PST"
97,DecisionTreeClassifier,0.35,0.2,,None,3.1527602672576904,50,0.06305520534515381,0.0044176578521728516,Recall,"{'tree__min_samples_split': 20, 'tree__min_samples_leaf': 2, 'tree__max_depth': 4, 'tree__criterion': 'gini'}",0.9225635159766397,0.932053494391717,0.9124133585381222,Yes,0.01964013585359481,0.8433994823123382,0.8320420783282394,0.5167424061229371,0.39433551198257083,0.932053494391717,0.9124133585381222,0.6648715186951839,0.5506750332762883,0.9297303626344748,0.9269208529848199,0.3,1448,2224,10258,139,0.91,0.18,0.82,0.09,0.27,"25/32: Random Search: Recall, test_size: 0.35, SMOTE: 0.2, threshold: 0.3","Oct 15, 2023 01:47 PM PST"
98,KNeighborsClassifier,0.35,0.2,,0.05,1.0438621044158936,50,0.02087724208831787,1.2302258014678955,Recall,"{'knn__weights': 'uniform', 'knn__n_neighbors': 15, 'knn__metric': 'manhattan'}",0.599722479185939,0.6206896551724138,0.3705103969754253,Yes,0.2501792581969885,0.9100719424460432,0.8903973274575308,0.7955801104972375,0.519893899204244,0.6206896551724138,0.3705103969754253,0.6973365617433414,0.4326710816777042,0.952122788994104,0.8259219299736169,0.3,865,1015,11467,722,0.55,0.08,0.92,0.45,0.53,"25/32: Random Search: Recall, test_size: 0.35, SMOTE: 0.2, threshold: 0.3","Oct 15, 2023 01:47 PM PST"
99,SVC,0.35,0.2,,0.05,119.912348985672,50,2.39824697971344,1.9563817977905273,Recall,"{'svm__kernel': 'rbf', 'svm__C': 0.1}",0.8623496762257169,0.9008620689655172,0.800252047889099,Yes,0.10061002107641825,0.8381294964028777,0.8129931054090553,0.5085158150851582,0.35435267857142855,0.9008620689655172,0.800252047889099,0.6500777604976673,0.49120092825372275,0.9515142040378775,0.8897646637623207,0.3,1063,1320,11162,524,0.67,0.11,0.89,0.33,0.44,"25/32: Random Search: Recall, test_size: 0.35, SMOTE: 0.2, threshold: 0.3","Oct 15, 2023 01:47 PM PST"
100,LogisticRegression,0.35,0.2,,None,18.716301918029785,50,0.3743260383605957,0.007166147232055664,Recall,"{'logreg__solver': 'newton-cg', 'logreg__C': 0.01}",0.8677881932819999,0.8869715271786023,0.8166351606805293,Yes,0.07033636649807296,0.8894521138912856,0.8810860757694221,0.6171394266846766,0.4839432412247946,0.8869715271786023,0.8166351606805293,0.7278520223028587,0.6077373974208675,0.9568699326499818,0.9382703784060263,0.35,1440,2035,10447,147,0.91,0.16,0.84,0.09,0.25,"26/32: Random Search: Recall, test_size: 0.35, SMOTE: 0.2, threshold: 0.35","Oct 15, 2023 01:50 PM PST"
101,DecisionTreeClassifier,0.35,0.2,,None,3.388685941696167,50,0.06777371883392334,0.002888917922973633,Recall,"{'tree__min_samples_split': 20, 'tree__min_samples_leaf': 2, 'tree__max_depth': 4, 'tree__criterion': 'gini'}",0.9225635159766397,0.932053494391717,0.9124133585381222,Yes,0.01964013585359481,0.8433994823123382,0.8320420783282394,0.5167424061229371,0.39433551198257083,0.932053494391717,0.9124133585381222,0.6648715186951839,0.5506750332762883,0.9297303626344748,0.9269208529848199,0.35,1448,2224,10258,139,0.91,0.18,0.82,0.09,0.27,"26/32: Random Search: Recall, test_size: 0.35, SMOTE: 0.2, threshold: 0.35","Oct 15, 2023 01:50 PM PST"
102,KNeighborsClassifier,0.35,0.2,,0.05,1.0265872478485107,50,0.020531744956970216,1.0845201015472412,Recall,"{'knn__weights': 'uniform', 'knn__n_neighbors': 15, 'knn__metric': 'manhattan'}",0.599722479185939,0.6206896551724138,0.3705103969754253,Yes,0.2501792581969885,0.9100719424460432,0.8903973274575308,0.7955801104972375,0.519893899204244,0.6206896551724138,0.3705103969754253,0.6973365617433414,0.4326710816777042,0.952122788994104,0.8259219299736169,0.35,775,852,11630,812,0.49,0.07,0.93,0.51,0.5800000000000001,"26/32: Random Search: Recall, test_size: 0.35, SMOTE: 0.2, threshold: 0.35","Oct 15, 2023 01:50 PM PST"
103,SVC,0.35,0.2,,0.05,118.34064102172852,50,2.3668128204345704,1.8560142517089844,Recall,"{'svm__kernel': 'rbf', 'svm__C': 0.1}",0.8623496762257169,0.9008620689655172,0.800252047889099,Yes,0.10061002107641825,0.8381294964028777,0.8129931054090553,0.5085158150851582,0.35435267857142855,0.9008620689655172,0.800252047889099,0.6500777604976673,0.49120092825372275,0.9515142040378775,0.8897646637623207,0.35,997,1128,11354,590,0.63,0.09,0.91,0.37,0.45999999999999996,"26/32: Random Search: Recall, test_size: 0.35, SMOTE: 0.2, threshold: 0.35","Oct 15, 2023 01:50 PM PST"
104,LogisticRegression,0.35,0.2,,None,18.878257036209106,50,0.3775651407241821,0.006129741668701172,Recall,"{'logreg__solver': 'newton-cg', 'logreg__C': 0.01}",0.8677881932819999,0.8869715271786023,0.8166351606805293,Yes,0.07033636649807296,0.8894521138912856,0.8810860757694221,0.6171394266846766,0.4839432412247946,0.8869715271786023,0.8166351606805293,0.7278520223028587,0.6077373974208675,0.9568699326499818,0.9382703784060263,0.4,1399,1823,10659,188,0.88,0.15,0.85,0.12,0.27,"27/32: Random Search: Recall, test_size: 0.35, SMOTE: 0.2, threshold: 0.4","Oct 15, 2023 01:52 PM PST"
105,DecisionTreeClassifier,0.35,0.2,,None,3.215579032897949,50,0.06431158065795899,0.00380706787109375,Recall,"{'tree__min_samples_split': 20, 'tree__min_samples_leaf': 2, 'tree__max_depth': 4, 'tree__criterion': 'gini'}",0.9225635159766397,0.932053494391717,0.9124133585381222,Yes,0.01964013585359481,0.8433994823123382,0.8320420783282394,0.5167424061229371,0.39433551198257083,0.932053494391717,0.9124133585381222,0.6648715186951839,0.5506750332762883,0.9297303626344748,0.9269208529848199,0.4,1448,2224,10258,139,0.91,0.18,0.82,0.09,0.27,"27/32: Random Search: Recall, test_size: 0.35, SMOTE: 0.2, threshold: 0.4","Oct 15, 2023 01:53 PM PST"
106,KNeighborsClassifier,0.35,0.2,,0.05,1.0129570960998535,50,0.02025914192199707,1.0740602016448975,Recall,"{'knn__weights': 'uniform', 'knn__n_neighbors': 15, 'knn__metric': 'manhattan'}",0.599722479185939,0.6206896551724138,0.3705103969754253,Yes,0.2501792581969885,0.9100719424460432,0.8903973274575308,0.7955801104972375,0.519893899204244,0.6206896551724138,0.3705103969754253,0.6973365617433414,0.4326710816777042,0.952122788994104,0.8259219299736169,0.4,775,852,11630,812,0.49,0.07,0.93,0.51,0.5800000000000001,"27/32: Random Search: Recall, test_size: 0.35, SMOTE: 0.2, threshold: 0.4","Oct 15, 2023 01:53 PM PST"
107,SVC,0.35,0.2,,0.05,120.08375406265259,50,2.401675081253052,1.8908400535583496,Recall,"{'svm__kernel': 'rbf', 'svm__C': 0.1}",0.8623496762257169,0.9008620689655172,0.800252047889099,Yes,0.10061002107641825,0.8381294964028777,0.8129931054090553,0.5085158150851582,0.35435267857142855,0.9008620689655172,0.800252047889099,0.6500777604976673,0.49120092825372275,0.9515142040378775,0.8897646637623207,0.4,928,961,11521,659,0.58,0.08,0.92,0.42,0.5,"27/32: Random Search: Recall, test_size: 0.35, SMOTE: 0.2, threshold: 0.4","Oct 15, 2023 01:53 PM PST"
108,LogisticRegression,0.35,0.2,,None,18.720679998397827,50,0.37441359996795653,0.007265567779541016,Recall,"{'logreg__solver': 'newton-cg', 'logreg__C': 0.01}",0.8677881932819999,0.8869715271786023,0.8166351606805293,Yes,0.07033636649807296,0.8894521138912856,0.8810860757694221,0.6171394266846766,0.4839432412247946,0.8869715271786023,0.8166351606805293,0.7278520223028587,0.6077373974208675,0.9568699326499818,0.9382703784060263,0.45,1357,1588,10894,230,0.86,0.13,0.87,0.14,0.27,"28/32: Random Search: Recall, test_size: 0.35, SMOTE: 0.2, threshold: 0.45","Oct 15, 2023 01:55 PM PST"
109,DecisionTreeClassifier,0.35,0.2,,None,3.255329132080078,50,0.06510658264160156,0.004019975662231445,Recall,"{'tree__min_samples_split': 20, 'tree__min_samples_leaf': 2, 'tree__max_depth': 4, 'tree__criterion': 'gini'}",0.9225635159766397,0.932053494391717,0.9124133585381222,Yes,0.01964013585359481,0.8433994823123382,0.8320420783282394,0.5167424061229371,0.39433551198257083,0.932053494391717,0.9124133585381222,0.6648715186951839,0.5506750332762883,0.9297303626344748,0.9269208529848199,0.45,1448,2224,10258,139,0.91,0.18,0.82,0.09,0.27,"28/32: Random Search: Recall, test_size: 0.35, SMOTE: 0.2, threshold: 0.45","Oct 15, 2023 01:55 PM PST"
110,KNeighborsClassifier,0.35,0.2,,0.05,1.0894908905029297,50,0.021789817810058593,1.114628791809082,Recall,"{'knn__weights': 'uniform', 'knn__n_neighbors': 15, 'knn__metric': 'manhattan'}",0.599722479185939,0.6206896551724138,0.3705103969754253,Yes,0.2501792581969885,0.9100719424460432,0.8903973274575308,0.7955801104972375,0.519893899204244,0.6206896551724138,0.3705103969754253,0.6973365617433414,0.4326710816777042,0.952122788994104,0.8259219299736169,0.45,682,685,11797,905,0.43,0.05,0.95,0.57,0.62,"28/32: Random Search: Recall, test_size: 0.35, SMOTE: 0.2, threshold: 0.45","Oct 15, 2023 01:55 PM PST"
111,SVC,0.35,0.2,,0.05,120.02032279968262,50,2.4004064559936524,1.973884105682373,Recall,"{'svm__kernel': 'rbf', 'svm__C': 0.1}",0.8623496762257169,0.9008620689655172,0.800252047889099,Yes,0.10061002107641825,0.8381294964028777,0.8129931054090553,0.5085158150851582,0.35435267857142855,0.9008620689655172,0.800252047889099,0.6500777604976673,0.49120092825372275,0.9515142040378775,0.8897646637623207,0.45,873,832,11650,714,0.55,0.07,0.93,0.45,0.52,"28/32: Random Search: Recall, test_size: 0.35, SMOTE: 0.2, threshold: 0.45","Oct 15, 2023 01:56 PM PST"
112,LogisticRegression,0.35,0.2,,None,18.63420009613037,50,0.3726840019226074,0.005989789962768555,Recall,"{'logreg__solver': 'newton-cg', 'logreg__C': 0.01}",0.8677881932819999,0.8869715271786023,0.8166351606805293,Yes,0.07033636649807296,0.8894521138912856,0.8810860757694221,0.6171394266846766,0.4839432412247946,0.8869715271786023,0.8166351606805293,0.7278520223028587,0.6077373974208675,0.9568699326499818,0.9382703784060263,0.5,1296,1382,11100,291,0.82,0.11,0.89,0.18,0.29,"29/32: Random Search: Recall, test_size: 0.35, SMOTE: 0.2, threshold: 0.5","Oct 15, 2023 01:58 PM PST"
113,DecisionTreeClassifier,0.35,0.2,,None,3.6025657653808594,50,0.07205131530761719,0.004766941070556641,Recall,"{'tree__min_samples_split': 20, 'tree__min_samples_leaf': 2, 'tree__max_depth': 4, 'tree__criterion': 'gini'}",0.9225635159766397,0.932053494391717,0.9124133585381222,Yes,0.01964013585359481,0.8433994823123382,0.8320420783282394,0.5167424061229371,0.39433551198257083,0.932053494391717,0.9124133585381222,0.6648715186951839,0.5506750332762883,0.9297303626344748,0.9269208529848199,0.5,1448,2224,10258,139,0.91,0.18,0.82,0.09,0.27,"29/32: Random Search: Recall, test_size: 0.35, SMOTE: 0.2, threshold: 0.5","Oct 15, 2023 01:58 PM PST"
114,KNeighborsClassifier,0.35,0.2,,0.05,1.0249810218811035,50,0.02049962043762207,1.1243271827697754,Recall,"{'knn__weights': 'uniform', 'knn__n_neighbors': 15, 'knn__metric': 'manhattan'}",0.599722479185939,0.6206896551724138,0.3705103969754253,Yes,0.2501792581969885,0.9100719424460432,0.8903973274575308,0.7955801104972375,0.519893899204244,0.6206896551724138,0.3705103969754253,0.6973365617433414,0.4326710816777042,0.952122788994104,0.8259219299736169,0.5,588,543,11939,999,0.37,0.04,0.96,0.63,0.67,"29/32: Random Search: Recall, test_size: 0.35, SMOTE: 0.2, threshold: 0.5","Oct 15, 2023 01:58 PM PST"
115,SVC,0.35,0.2,,0.05,118.61706709861755,50,2.372341341972351,2.236905336380005,Recall,"{'svm__kernel': 'rbf', 'svm__C': 0.1}",0.8623496762257169,0.9008620689655172,0.800252047889099,Yes,0.10061002107641825,0.8381294964028777,0.8129931054090553,0.5085158150851582,0.35435267857142855,0.9008620689655172,0.800252047889099,0.6500777604976673,0.49120092825372275,0.9515142040378775,0.8897646637623207,0.5,1270,2314,10168,317,0.8,0.19,0.81,0.2,0.39,"29/32: Random Search: Recall, test_size: 0.35, SMOTE: 0.2, threshold: 0.5","Oct 15, 2023 01:58 PM PST"
116,LogisticRegression,0.35,0.2,,None,19.342835187911987,50,0.3868567037582398,0.0069789886474609375,Recall,"{'logreg__solver': 'newton-cg', 'logreg__C': 0.01}",0.8677881932819999,0.8869715271786023,0.8166351606805293,Yes,0.07033636649807296,0.8894521138912856,0.8810860757694221,0.6171394266846766,0.4839432412247946,0.8869715271786023,0.8166351606805293,0.7278520223028587,0.6077373974208675,0.9568699326499818,0.9382703784060263,0.55,1239,1195,11287,348,0.78,0.1,0.9,0.22,0.32,"30/32: Random Search: Recall, test_size: 0.35, SMOTE: 0.2, threshold: 0.55","Oct 15, 2023 02:00 PM PST"
117,DecisionTreeClassifier,0.35,0.2,,None,3.2121329307556152,50,0.0642426586151123,0.0036668777465820312,Recall,"{'tree__min_samples_split': 20, 'tree__min_samples_leaf': 2, 'tree__max_depth': 4, 'tree__criterion': 'gini'}",0.9225635159766397,0.932053494391717,0.9124133585381222,Yes,0.01964013585359481,0.8433994823123382,0.8320420783282394,0.5167424061229371,0.39433551198257083,0.932053494391717,0.9124133585381222,0.6648715186951839,0.5506750332762883,0.9297303626344748,0.9269208529848199,0.55,1413,1968,10514,174,0.89,0.16,0.84,0.11,0.27,"30/32: Random Search: Recall, test_size: 0.35, SMOTE: 0.2, threshold: 0.55","Oct 15, 2023 02:01 PM PST"
118,KNeighborsClassifier,0.35,0.2,,0.05,1.0400910377502441,50,0.020801820755004884,1.0617589950561523,Recall,"{'knn__weights': 'uniform', 'knn__n_neighbors': 15, 'knn__metric': 'manhattan'}",0.599722479185939,0.6206896551724138,0.3705103969754253,Yes,0.2501792581969885,0.9100719424460432,0.8903973274575308,0.7955801104972375,0.519893899204244,0.6206896551724138,0.3705103969754253,0.6973365617433414,0.4326710816777042,0.952122788994104,0.8259219299736169,0.55,489,386,12096,1098,0.31,0.03,0.97,0.69,0.72,"30/32: Random Search: Recall, test_size: 0.35, SMOTE: 0.2, threshold: 0.55","Oct 15, 2023 02:01 PM PST"
119,SVC,0.35,0.2,,0.05,119.85682511329651,50,2.3971365022659303,1.9067261219024658,Recall,"{'svm__kernel': 'rbf', 'svm__C': 0.1}",0.8623496762257169,0.9008620689655172,0.800252047889099,Yes,0.10061002107641825,0.8381294964028777,0.8129931054090553,0.5085158150851582,0.35435267857142855,0.9008620689655172,0.800252047889099,0.6500777604976673,0.49120092825372275,0.9515142040378775,0.8897646637623207,0.55,661,569,11913,926,0.42,0.05,0.95,0.58,0.63,"30/32: Random Search: Recall, test_size: 0.35, SMOTE: 0.2, threshold: 0.55","Oct 15, 2023 02:01 PM PST"
120,LogisticRegression,0.35,0.2,,None,18.36835026741028,50,0.36736700534820554,0.0050048828125,Recall,"{'logreg__solver': 'newton-cg', 'logreg__C': 0.01}",0.8677881932819999,0.8869715271786023,0.8166351606805293,Yes,0.07033636649807296,0.8894521138912856,0.8810860757694221,0.6171394266846766,0.4839432412247946,0.8869715271786023,0.8166351606805293,0.7278520223028587,0.6077373974208675,0.9568699326499818,0.9382703784060263,0.6,1177,1019,11463,410,0.74,0.08,0.92,0.26,0.34,"31/32: Random Search: Recall, test_size: 0.35, SMOTE: 0.2, threshold: 0.6","Oct 15, 2023 02:03 PM PST"
121,DecisionTreeClassifier,0.35,0.2,,None,3.266174077987671,50,0.06532348155975341,0.0037801265716552734,Recall,"{'tree__min_samples_split': 20, 'tree__min_samples_leaf': 2, 'tree__max_depth': 4, 'tree__criterion': 'gini'}",0.9225635159766397,0.932053494391717,0.9124133585381222,Yes,0.01964013585359481,0.8433994823123382,0.8320420783282394,0.5167424061229371,0.39433551198257083,0.932053494391717,0.9124133585381222,0.6648715186951839,0.5506750332762883,0.9297303626344748,0.9269208529848199,0.6,1413,1968,10514,174,0.89,0.16,0.84,0.11,0.27,"31/32: Random Search: Recall, test_size: 0.35, SMOTE: 0.2, threshold: 0.6","Oct 15, 2023 02:03 PM PST"
122,KNeighborsClassifier,0.35,0.2,,0.05,1.2026658058166504,50,0.024053316116333007,1.218446969985962,Recall,"{'knn__weights': 'uniform', 'knn__n_neighbors': 15, 'knn__metric': 'manhattan'}",0.599722479185939,0.6206896551724138,0.3705103969754253,Yes,0.2501792581969885,0.9100719424460432,0.8903973274575308,0.7955801104972375,0.519893899204244,0.6206896551724138,0.3705103969754253,0.6973365617433414,0.4326710816777042,0.952122788994104,0.8259219299736169,0.6,489,386,12096,1098,0.31,0.03,0.97,0.69,0.72,"31/32: Random Search: Recall, test_size: 0.35, SMOTE: 0.2, threshold: 0.6","Oct 15, 2023 02:03 PM PST"
123,SVC,0.35,0.2,,0.05,120.63696312904358,50,2.4127392625808715,1.927800178527832,Recall,"{'svm__kernel': 'rbf', 'svm__C': 0.1}",0.8623496762257169,0.9008620689655172,0.800252047889099,Yes,0.10061002107641825,0.8381294964028777,0.8129931054090553,0.5085158150851582,0.35435267857142855,0.9008620689655172,0.800252047889099,0.6500777604976673,0.49120092825372275,0.9515142040378775,0.8897646637623207,0.6,523,416,12066,1064,0.33,0.03,0.97,0.67,0.7000000000000001,"31/32: Random Search: Recall, test_size: 0.35, SMOTE: 0.2, threshold: 0.6","Oct 15, 2023 02:04 PM PST"
124,LogisticRegression,0.35,0.2,,None,19.004698038101196,50,0.38009396076202395,0.0070362091064453125,Recall,"{'logreg__solver': 'newton-cg', 'logreg__C': 0.01}",0.8677881932819999,0.8869715271786023,0.8166351606805293,Yes,0.07033636649807296,0.8894521138912856,0.8810860757694221,0.6171394266846766,0.4839432412247946,0.8869715271786023,0.8166351606805293,0.7278520223028587,0.6077373974208675,0.9568699326499818,0.9382703784060263,0.65,1101,859,11623,486,0.69,0.07,0.93,0.31,0.38,"32/32: Random Search: Recall, test_size: 0.35, SMOTE: 0.2, threshold: 0.65","Oct 15, 2023 02:06 PM PST"
125,DecisionTreeClassifier,0.35,0.2,,None,3.2176241874694824,50,0.06435248374938965,0.0030469894409179688,Recall,"{'tree__min_samples_split': 20, 'tree__min_samples_leaf': 2, 'tree__max_depth': 4, 'tree__criterion': 'gini'}",0.9225635159766397,0.932053494391717,0.9124133585381222,Yes,0.01964013585359481,0.8433994823123382,0.8320420783282394,0.5167424061229371,0.39433551198257083,0.932053494391717,0.9124133585381222,0.6648715186951839,0.5506750332762883,0.9297303626344748,0.9269208529848199,0.65,1411,1968,10514,176,0.89,0.16,0.84,0.11,0.27,"32/32: Random Search: Recall, test_size: 0.35, SMOTE: 0.2, threshold: 0.65","Oct 15, 2023 02:06 PM PST"
126,KNeighborsClassifier,0.35,0.2,,0.05,1.00124192237854,50,0.0200248384475708,1.156217098236084,Recall,"{'knn__weights': 'uniform', 'knn__n_neighbors': 15, 'knn__metric': 'manhattan'}",0.599722479185939,0.6206896551724138,0.3705103969754253,Yes,0.2501792581969885,0.9100719424460432,0.8903973274575308,0.7955801104972375,0.519893899204244,0.6206896551724138,0.3705103969754253,0.6973365617433414,0.4326710816777042,0.952122788994104,0.8259219299736169,0.65,375,251,12231,1212,0.24,0.02,0.98,0.76,0.78,"32/32: Random Search: Recall, test_size: 0.35, SMOTE: 0.2, threshold: 0.65","Oct 15, 2023 02:06 PM PST"
127,SVC,0.35,0.2,,0.05,120.55555510520935,50,2.411111102104187,1.9576239585876465,Recall,"{'svm__kernel': 'rbf', 'svm__C': 0.1}",0.8623496762257169,0.9008620689655172,0.800252047889099,Yes,0.10061002107641825,0.8381294964028777,0.8129931054090553,0.5085158150851582,0.35435267857142855,0.9008620689655172,0.800252047889099,0.6500777604976673,0.49120092825372275,0.9515142040378775,0.8897646637623207,0.65,382,261,12221,1205,0.24,0.02,0.98,0.76,0.78,"32/32: Random Search: Recall, test_size: 0.35, SMOTE: 0.2, threshold: 0.65","Oct 15, 2023 02:06 PM PST"
